{
  "login": {
    "label.welcome_to_stryker_heading": "Welcome to Stryker’s customer portal",
    "label.welcome_to_stryker_admin_heading": "Welcome to Stryker’s admin portal",
    "label.job_opportunity": "JOB OPPORTUNITIES",
    "label.patient_education": "PATIENT EDUCATION",
    "label.investor_information": "INVESTOR INFORMATION",
    "label.register_to_create_account_paragraph": "Click on register to create an account ",
    "label.access_stryker_with_username_and_password_paragraph": "to access Stryker’s applications with a single username and password.",
    "label.registration_for_hcps_and_dealers_paragraph": "This registration is intended only for ",
    "label.for_patient_jobseeker_investor_paragraph": "If you are a patient, job seeker or investor, please visit our other sites.",
    "links.job_opportunities": "https://careers.stryker.com/",
    "links.patient_education": "https://www.stryker.com/us/en/patients.html",
    "links.investor_information": "https://investors.stryker.com/home/default.aspx",
    "email": "Email",
    "register": "Register",
    "title": "Login",
    "resetpassword": "Reset password",
    "submit": "LOGIN",
    "errorbanner_title": "We found some errors. Please review the form and make corrections.",
    "emailfield_required": "This field cannot be left blank",
    "passwordfield_required": "This field cannot be left blank",
    "reset_password_error": "You cannot reset your password from here. Please visit Stryker internal password change page to reset your password",
    "wrong_password": "Unable to sign in",
    "invalid_email_address": "This value is not a valid email address",
    "email_sent": "Email Sent!",
    "mfa_verify": "Okta Verify",
    "enroll_choices": "Set up multifactor authentication",
    "enroll_choices_2": "Receive a code via SMS to authenticate",
    "HCP": "HCP",
    "hcp-customer": "<a href='https://www.stryker.com/content/m/ciam/en/legal/surgeon-disclaimer.html' target='_blank'>Healthcare professionals</a>",
    "indirect-channel": "Distributor.",
    "persona": "<a href='https://www.stryker.com/content/m/ciam/en/legal/surgeon-disclaimer.html' target='_blank'>Healthcare professionals</a> and Distributors."
  },
  "contact_us": {
    "label.back_btn": "Back",
    "label.get_in_touch": "Get in touch",
    "label.phone": "Phone: ",
    "label.fax": "Fax",
    "label.email": "Email: ",
    "label.shared_services": "Shared Services",
    "label.fax_no": "+1 269 385 1062",
    "label.help": "Need Help?"
  },
  "forgot_password": {
    "email_field_label": "Email"
  }
}