{
  "login": {
    "label.welcome_to_stryker_heading": "Welcome to Stryker’s customerfr portal",
    "label.welcome_to_stryker_admin_heading": "Welcome to Stryker’s admin portal",
    "label.job_opportunity": "JOB OPPORTUNITIES",
    "label.patient_education": "PATIENT EDUCATION",
    "label.investor_information": "INVESTOR INFORMATION",
    "label.register_to_create_account_paragraph": "Click on register to create an account ",
    "label.access_stryker_with_username_and_password_paragraph": "to access Stryker’s applications with a single username and password.",
    "label.registration_for_hcps_and_dealers_paragraph": "This registration is intended only for HCPs and dealers.",
    "label.for_patient_jobseeker_investor_paragraph": "If you are a patient, job seeker or investor, please visit our other sites.",
    "links.job_opportunities": "https://careers.stryker.com/",
    "links.patient_education": "https://www.stryker.com/us/en/patients.html",
    "links.investor_information": "https://investors.stryker.com/home/default.aspx",
    "email": "Messagerie électronique",
    "register": "registre",
    "title": "Connectez-vous",
    "submit": "CONNECTEZ-VOUS",
    "errorbanner_title": "Nous avons trouvé des erreurs. Veuillez revoir le formulaire et apporter des corrections.",
    "emailfield_required": "Ce champ ne peut pas être laissé vide",
    "passwordfield_required": "Ce champ ne peut pas être laissé vide",
    "reset_password_error": "Vous ne pouvez pas réinitialiser votre mot de passe à partir d’ici. Veuillez visiter la page de changement de mot de passe interne de Stryker pour réinitialiser votre mot de passe",
    "wrong_password": "Impossible de se connecter",
    "invalid_email_address": "Cette valeur n’est pas une adresse e-mail valide",
    "email_sent": "Courriel envoyé!"
  },
  "contact_us": {
    "label.back_btn": "Back",
    "label.get_in_touch": "Get in touch",
    "label.phone": "Téléphone",
    "label.fax": "Fax",
    "label.email": "Messagerie électronique",
    "label.shared_services": "Shared Services",
    "label.fax_no": "+1 269 385 1062",
    "label.help": "Besoin d’aide?"
  },
  "forgot_password": {
    "email_field_label": "Messagerie électronique"
  }
}