{
  "login": {
    "label.welcome_to_stryker_heading": "Welcome to Stryker’s customer portal",
    "label.welcome_to_stryker_admin_heading": "Welcome to Stryker’s admin portal",
    "label.job_opportunity": "JOB OPPORTUNITIES",
    "label.patient_education": "PATIENT EDUCATION",
    "label.investor_information": "INVESTOR INFORMATION",
    "label.register_to_create_account_paragraph": "Click on register to create an account ",
    "label.access_stryker_with_username_and_password_paragraph": "to access Stryker’s applications with a single username and password.",
    "label.registration_for_hcps_and_dealers_paragraph": "This registration is intended only for HCPs and dealers.",
    "label.for_patient_jobseeker_investor_paragraph": "If you are a patient, job seeker or investor, please visit our other sites.",
    "links.job_opportunities": "https://careers.stryker.com/",
    "links.patient_education": "https://www.stryker.com/us/en/patients.html",
    "links.investor_information": "https://investors.stryker.com/home/default.aspx",
    "email": "Eメール",
    "register": "登録",
    "title": "ログインする",
    "submit": "ログインする",
    "errorbanner_title": "いくつかのエラーが見つかりました。フォームを確認して修正してください。",
    "emailfield_required": "このフィールドを空白のままにすることはできません",
    "passwordfield_required": "このフィールドを空白のままにすることはできません",
    "reset_password_error": "ここからパスワードをリセットすることはできません。パスワードをリセットするには、Strykerの内部パスワード変更ページにアクセスしてください",
    "wrong_password": "サインインできません",
    "invalid_email_address": "この値は有効なメールアドレスではありません",
    "email_sent": "メール送信！"
  },
  "contact_us": {
    "label.back_btn": "Back",
    "label.get_in_touch": "Get in touch",
    "label.phone": "電話",
    "label.fax": "Fax",
    "label.email": "Eメール",
    "label.shared_services": "Shared Services",
    "label.fax_no": "+1 269 385 1062",
    "label.help": "助けが必要？"
  },
  "forgot_password": {
    "email_field_label": "Eメール"
  }
}